step,point,lower_10,upper_90
1,59.22159,48.154835,71.94655
2,59.58933,47.206245,73.71042
3,59.641983,46.45385,74.85822
4,60.008446,46.096848,75.9587
5,59.95253,45.352814,76.4346
6,59.628857,44.481705,76.66962
7,59.40944,43.613297,77.00239
8,59.58192,43.5206,77.85443
9,59.793114,43.29495,78.33941
10,59.787296,42.802086,78.75877
11,59.96248,42.58695,78.736176
12,59.547165,42.063206,79.03208
