step,point,lower_10,upper_90
1,72.089935,58.53115,88.163
2,75.3706,60.621895,92.90417
3,77.279305,62.099976,95.80176
4,79.55209,63.713123,98.16803
5,81.22856,64.822105,100.87075
6,80.086914,63.72557,100.08215
7,77.92291,61.37668,97.7533
8,79.76749,63.10445,99.842155
9,83.388275,66.50589,103.80413
10,84.18839,66.80335,104.801544
11,85.24439,67.69015,105.35547
12,85.39965,67.85849,105.75244
