step,point,lower_10,upper_90
1,21.055237,17.385365,28.084127
2,20.546822,16.433147,29.003561
3,20.505493,15.91702,30.677534
4,19.976269,14.558406,31.370623
5,20.047993,13.985443,33.18795
6,19.631657,12.952202,34.01436
7,19.147964,11.958631,34.837074
8,19.09692,11.421986,36.410248
9,18.881077,11.012967,37.129204
10,18.552128,9.912763,37.651306
11,18.419716,9.340527,38.409462
12,18.111902,8.588986,39.334732
