step,point,lower_10,upper_90
1,20.735527,16.335583,27.829136
2,19.953762,15.104757,28.458662
3,19.72261,14.325059,29.737488
4,19.447285,13.357855,30.201006
5,19.008831,12.183426,31.066427
6,18.221096,11.100211,31.271034
7,17.65459,10.075659,31.41787
8,17.251621,9.296926,32.021988
9,16.783674,9.012513,32.27792
10,16.107977,7.8137817,31.909454
11,16.056381,7.609041,32.360077
12,15.440039,6.9445367,32.39604
