step,point,lower_10,upper_90
1,45.752186,39.46652,53.6198
2,47.287643,40.17375,55.869118
3,47.75652,40.146103,57.360603
4,48.0898,39.898453,57.954685
5,49.877388,40.531235,60.824425
6,51.871647,42.252003,63.452934
7,55.34178,45.128616,67.31027
8,61.26567,50.370026,73.76082
9,67.91614,56.211155,81.19993
10,72.99793,60.3495,87.04958
11,75.21413,62.3149,89.898964
12,75.80174,62.509132,90.71296
