step,point,lower_10,upper_90
1,59.082256,49.635216,68.39186
2,61.581367,50.523293,71.95955
3,62.712894,51.0549,73.87138
4,62.422676,50.46807,73.94647
5,62.941658,50.31395,74.689926
6,63.345436,50.52179,75.55647
7,64.267685,51.55079,76.31088
8,66.37224,53.149845,78.611115
9,68.6703,55.583157,80.94158
10,71.619644,57.860115,84.50978
11,72.24212,58.526756,85.0158
12,71.67075,58.02323,84.54063
