step,point,lower_10,upper_90
1,75.82378,67.05441,88.19165
2,76.826645,66.38324,91.4325
3,77.325424,65.55406,93.32053
4,77.81178,65.11162,94.861336
5,78.38633,64.73752,96.35902
6,78.93913,64.52619,97.60055
7,79.308624,63.93002,98.681
8,79.98172,64.03137,100.5577
9,81.532425,64.876114,102.81111
10,82.83586,65.579926,105.47037
11,84.356995,66.22028,107.13508
12,83.81955,64.77124,107.618576
