step,point,lower_10,upper_90
1,64.33744,50.282917,83.06022
2,64.55051,49.14727,85.456184
3,65.03316,48.773617,87.90789
4,64.655426,47.569725,88.85971
5,64.3255,46.116165,89.562805
6,64.23636,45.114082,90.2015
7,66.58264,46.963615,93.438
8,69.92294,49.72075,97.70705
9,73.14497,51.813904,102.007034
10,75.28128,52.799072,105.796555
11,76.74005,52.846363,107.96123
12,77.84568,53.237896,110.99231
