step,point,lower_10,upper_90
1,53.272926,45.713215,64.183815
2,51.915314,41.957138,66.089645
3,51.21558,39.287052,68.49878
4,50.441685,36.89025,70.15002
5,49.944687,34.612404,71.93118
6,48.72137,32.2387,72.56675
7,47.45898,29.7382,72.81046
8,47.460644,29.15204,74.553665
9,47.003136,27.847803,74.60741
10,45.770786,25.997786,74.27396
11,45.88121,24.793564,74.306404
12,45.575787,24.579128,74.82315
