step,point,lower_10,upper_90
1,81.01794,73.93536,90.50615
2,80.376144,72.23326,91.862564
3,80.25505,71.06038,92.15716
4,81.005005,71.02602,93.63305
5,81.341576,71.22113,94.92671
6,81.65644,71.11866,95.8074
7,82.25447,71.0452,97.012535
8,81.935295,69.994675,97.432236
9,84.03234,72.17862,99.79883
10,85.06345,72.45149,101.438866
11,86.113594,73.52188,102.24098
12,85.34725,71.68439,102.612686
