step,point,lower_10,upper_90
1,66.90951,57.02641,78.42848
2,67.54866,56.65893,79.6254
3,67.90456,56.595913,80.86034
4,67.960686,56.14579,80.88284
5,69.62419,57.044464,82.93819
6,70.643906,58.04862,84.00829
7,72.08771,59.371193,85.399734
8,74.64021,61.640633,87.984406
9,78.32545,65.22408,91.76523
10,81.296646,67.784805,94.912926
11,83.108055,69.36165,96.821884
12,83.3575,69.71457,96.98593
